step,object,x,y,zoom,page,question,answer,alt_text,layer1_button,layer1_content,layer2_button,layer2_content,clip_start,clip_end,loop
paso,objeto,x,y,zoom,pagina,pregunta,respuesta,texto_alt,boton1,contenido1,boton2,contenido2,inicio_clip,fin_clip,bucle
1,ucsb-love-3,0.5,0.5,1,,What did I observe during my field experience?,"During my field observations at UCSB, I noticed two students walking closely together across campus while having a relaxed conversation. The interaction appeared natural and unplanned, yet their body language reflected familiarity and comfort. They walked side by side at the same pace while maintaining continuous conversation and attention toward one another. The calm outdoor environment, combined with the students’ relaxed posture, created a feeling of emotional ease and companionship. Although many students were moving around campus at the same time, this interaction stood out because of the quiet sense of connection expressed through their shared movement and presence.

Hotspot 1: The close physical distance between the students reflects emotional familiarity and comfort developed through  companionship and shared experience.

Hotspot 2: Their shared movement across campus symbolizes emotional support and mutual presence within everyday student life.

Hotspot 3: This campus setting may reflect the natural and quiet way emotional connection often appears at UCSB.",Two students walking together across campus during the afternoon while casually talking and sharing time together.,,,,,,,
2,ucsb-love-3,0.5,0.5,1,,What type of love does this moment represent?,"This observation represents companionship and emotional support within everyday campus life. Unlike dramatic or highly visible expressions of love, this interaction demonstrates how meaningful connection can appear through ordinary routines and shared experiences. The students were not publicly performing affection, yet their interaction reflected trust, emotional familiarity, and comfort. This moment is significant because it suggests that love at UCSB often functions quietly through companionship and consistent social presence. Small interactions such as walking together, listening, and sharing time can help students reduce feelings of stress and isolation while strengthening emotional belonging within the campus community.",,,,,,,,
3,ucsb-love-3,0.5,0.5,1,,How does this observation connect to Unit 2 readings?,"Similarly, this observation may be understood through Mandy Len Catron’s argument that emotional connection develops through vulnerability, openness, and shared interaction. In her discussion of human relationships, Catron suggests that connection is actively created through communication and emotional attention rather than instant emotional intensity. She argues that meaningful relationships emerge when individuals gradually build trust through shared experiences (Catron). This interaction supports this idea because the students’ casual conversation and physical closeness appeared to indicate emotional familiarity developed through everyday interaction rather than dramatic emotional expression. At the same time, this observation extends Catron’s theory by showing how companionship can become embedded within ordinary campus routines such as walking between classes or spending time together in public spaces.",,,,,,,,